Series Name,Series Code,Country Name,Country Code,1990 [YR1990],2000 [YR2000],2011 [YR2011],2012 [YR2012],2013 [YR2013],2014 [YR2014],2015 [YR2015],2016 [YR2016],2017 [YR2017],2018 [YR2018],2019 [YR2019],2020 [YR2020]
Current health expenditure per capita (current US$),SH.XPD.CHEX.PC.CD,Afghanistan,AFG,..,..,50.85347366,51.44026184,55.03462982,59.00893402,58.90652847,60.18867111,65.70602417,49.84260941,..,..
Current health expenditure per capita (current US$),SH.XPD.CHEX.PC.CD,Albania,ALB,..,80.61695099,211.07551575,213.71974182,236.95796204,251.35826111,192.88513184,202.01332092,226.28067017,274.91409302,..,..
Current health expenditure per capita (current US$),SH.XPD.CHEX.PC.CD,Algeria,DZA,..,61.58218002,287.3861084,335.56195068,331.94168091,359.64212036,291.55355835,260.77255249,258.03955078,255.86943054,..,..
Current health expenditure per capita (current US$),SH.XPD.CHEX.PC.CD,American Samoa,ASM,..,..,..,..,..,..,..,..,..,..,..,..
Current health expenditure per capita (current US$),SH.XPD.CHEX.PC.CD,Andorra,AND,..,1292.03942871,2567.52539063,2342.56835938,2432.78271484,2529.08984375,2246.25439453,2361.2175293,2567.42382813,2821.80126953,..,..
Current health expenditure per capita (current US$),SH.XPD.CHEX.PC.CD,Angola,AGO,..,12.99896717,122.10723114,122.18558502,143.60687256,131.6476593,108.58293915,95.12497711,114.33460236,87.61676788,..,..
Current health expenditure per capita (current US$),SH.XPD.CHEX.PC.CD,Antigua and Barbuda,ATG,..,512.56829834,693.80725098,727.25695801,711.22979736,792.8414917,754.24188232,778.45111084,795.55981445,875.17254639,..,..
Current health expenditure per capita (current US$),SH.XPD.CHEX.PC.CD,Argentina,ARG,..,708.76953125,1208.39160156,1368.42297363,1421.65759277,1286.21765137,1531.48425293,1153.53405762,1529.61621094,1127.90722656,..,..
Current health expenditure per capita (current US$),SH.XPD.CHEX.PC.CD,Armenia,ARM,..,26.12908936,330.57556152,336.32055664,396.23254395,405.72888184,364.97280884,357.45776367,405.6506958,422.28268433,..,..
Current health expenditure per capita (current US$),SH.XPD.CHEX.PC.CD,Aruba,ABW,..,..,..,..,..,..,..,..,..,..,..,..
Current health expenditure per capita (current US$),SH.XPD.CHEX.PC.CD,Australia,AUS,..,1638.81494141,5861.70263672,6025.34472656,5813.98535156,5607.91796875,4860.37207031,4971.61474609,5308.78320313,5425.34033203,..,..
Current health expenditure per capita (current US$),SH.XPD.CHEX.PC.CD,Austria,AUT,..,2269.12646484,5167.81787109,4966.09570313,5235.34130859,5393.60205078,4612.82421875,4709.87597656,4937.97705078,5326.43701172,..,..
Current health expenditure per capita (current US$),SH.XPD.CHEX.PC.CD,Azerbaijan,AZE,..,19.14171791,176.40847778,222.98551941,239.95080566,267.3097229,226.51002502,156.99572754,155.0982666,165.7674408,..,..
Current health expenditure per capita (current US$),SH.XPD.CHEX.PC.CD,"Bahamas, The",BHS,..,1030.96899414,1491.04162598,1568.28796387,1609.31799316,1670.24035645,1635.88293457,1774.02172852,2174.17675781,2013.37927246,..,..
Current health expenditure per capita (current US$),SH.XPD.CHEX.PC.CD,Bahrain,BHR,..,485.6864624,805.3147583,971.36846924,1066.13244629,1101.25683594,1128.75915527,1098.88354492,1126.06689453,994.17901611,..,..
Current health expenditure per capita (current US$),SH.XPD.CHEX.PC.CD,Bangladesh,BGD,..,8.56026173,22.84561729,23.45907974,26.67387962,29.74625206,32.84908676,34.58186722,37.43084717,41.90905762,..,..
Current health expenditure per capita (current US$),SH.XPD.CHEX.PC.CD,Barbados,BRB,..,600.80895996,1135.5177002,1263.91870117,1233.11486816,1153.88415527,1119.54821777,1129.19335938,1151.69372559,1164.54455566,..,..
Current health expenditure per capita (current US$),SH.XPD.CHEX.PC.CD,Belarus,BLR,..,57.66816711,319.75372314,365.87493896,456.4916687,450.22262573,362.75283813,298.62658691,333.54107666,356.25073242,..,..
Current health expenditure per capita (current US$),SH.XPD.CHEX.PC.CD,Belgium,BEL,..,1849.91601563,4943.83203125,4706.61816406,4947.86474609,4999.18847656,4290,4328.84619141,4618.20898438,4912.70068359,..,..
Current health expenditure per capita (current US$),SH.XPD.CHEX.PC.CD,Belize,BLZ,..,131.96932983,252.94587708,246.76046753,258.22540283,292.44442749,284.11450195,296.22402954,282.58279419,285.98583984,..,..
Current health expenditure per capita (current US$),SH.XPD.CHEX.PC.CD,Benin,BEN,..,15.88687897,34.96141434,39.10080719,35.76725006,34.44753647,31.30697823,30.22834778,30.05702591,30.9390583,..,..
Current health expenditure per capita (current US$),SH.XPD.CHEX.PC.CD,Bermuda,BMU,..,..,..,..,..,..,..,..,..,..,..,..
Current health expenditure per capita (current US$),SH.XPD.CHEX.PC.CD,Bhutan,BTN,..,30.89350891,79.5575943,85.97568512,88.24406433,88.89917755,98.56243896,98.90504456,104.85510254,102.73851776,..,..
Current health expenditure per capita (current US$),SH.XPD.CHEX.PC.CD,Bolivia,BOL,..,43.84843826,121.37858582,137.1217804,162.12197876,181.71205139,198.87557983,210.23809814,217.49468994,223.59788513,..,..
Current health expenditure per capita (current US$),SH.XPD.CHEX.PC.CD,Bosnia and Herzegovina,BIH,..,113.31326294,467.03192139,452.97650146,486.17611694,503.99246216,441.46075439,460.88534546,481.83258057,539.54663086,..,..
Current health expenditure per capita (current US$),SH.XPD.CHEX.PC.CD,Botswana,BWA,..,205.23696899,440.04370117,483.8059082,449.70568848,435.55368042,389.3807373,402.80163574,484.22390747,482.96307373,..,..
Current health expenditure per capita (current US$),SH.XPD.CHEX.PC.CD,Brazil,BRA,..,312.53927612,1031.57617188,957.00708008,981.15283203,1017.04711914,781.80999756,801.41131592,935.29919434,848.38885498,..,..
Current health expenditure per capita (current US$),SH.XPD.CHEX.PC.CD,British Virgin Islands,VGB,..,..,..,..,..,..,..,..,..,..,..,..
Current health expenditure per capita (current US$),SH.XPD.CHEX.PC.CD,Brunei Darussalam,BRN,..,508.54840088,877.15759277,883.67559814,849.33062744,798.79370117,743.92004395,692.03570557,648.66882324,763.15289307,..,..
Current health expenditure per capita (current US$),SH.XPD.CHEX.PC.CD,Bulgaria,BGR,..,94.49745178,555.86419678,558.64794922,547.45483398,605.25891113,521.41906738,562.34082031,618.70593262,689.90539551,..,..
Current health expenditure per capita (current US$),SH.XPD.CHEX.PC.CD,Burkina Faso,BFA,..,7.52564335,34.8739357,34.89026642,43.79697418,39.59173203,33.51475906,40.95483017,44.40372086,40.24945068,..,..
Current health expenditure per capita (current US$),SH.XPD.CHEX.PC.CD,Burundi,BDI,..,8.42834568,25.13240814,21.51785278,21.93877029,20.53392982,19.4568367,22.41840553,23.58145905,24.02547073,..,..
Current health expenditure per capita (current US$),SH.XPD.CHEX.PC.CD,Cabo Verde,CPV,..,63.03440475,161.03373718,176.98373413,191.2829895,191.17623901,146.60760498,151.69641113,176.48937988,194.85687256,..,..
Current health expenditure per capita (current US$),SH.XPD.CHEX.PC.CD,Cambodia,KHM,..,19.73148346,66.20181274,69.04489136,71.99204254,73.28150177,72.03400421,77.65436554,82.05518341,90.55628204,..,..
Current health expenditure per capita (current US$),SH.XPD.CHEX.PC.CD,Cameroon,CMR,..,27.93606567,56.36682129,55.1756134,55.45908356,60.85925674,49.74619293,50.8497467,49.64924622,54.13952637,..,..
Current health expenditure per capita (current US$),SH.XPD.CHEX.PC.CD,Canada,CAN,..,2007.88085938,5355.67626953,5459.95947266,5409.78808594,5189.82666016,4615.64208984,4610.92626953,4845.58984375,4994.90234375,..,..
Current health expenditure per capita (current US$),SH.XPD.CHEX.PC.CD,Cayman Islands,CYM,..,..,..,..,..,..,..,..,..,..,..,..
Current health expenditure per capita (current US$),SH.XPD.CHEX.PC.CD,Central African Republic,CAF,..,10.28705597,20.03986931,20.52720833,17.99575615,20.81191635,18.99312592,21.8805294,29.9801693,53.66416168,..,..
Current health expenditure per capita (current US$),SH.XPD.CHEX.PC.CD,Chad,TCD,..,10.23765469,38.49904251,37.41161346,39.95672226,43.72490692,35.09303284,34.352211,29.49969864,29.23851013,..,..
Current health expenditure per capita (current US$),SH.XPD.CHEX.PC.CD,Channel Islands,CHI,..,..,..,..,..,..,..,..,..,..,..,..
Current health expenditure per capita (current US$),SH.XPD.CHEX.PC.CD,Chile,CHL,..,356.96377563,991.20288086,1077.82019043,1179.47265625,1145.40856934,1127.02160645,1171.62304688,1360.17358398,1455.60791016,..,..
Current health expenditure per capita (current US$),SH.XPD.CHEX.PC.CD,China,CHN,..,42.11240387,236.37492371,281.67715454,326.04159546,359.30932617,390.10409546,395.35995483,437.25674438,501.05938721,..,..
Current health expenditure per capita (current US$),SH.XPD.CHEX.PC.CD,Colombia,COL,..,132.87971497,497.38070679,543.07000732,576.70123291,583.05889893,464.63497925,442.13824463,489.64459229,513.15869141,..,..
Current health expenditure per capita (current US$),SH.XPD.CHEX.PC.CD,Comoros,COM,..,45.77197266,78.71292114,65.57981873,69.27052307,68.98582458,60.21103287,60.74297714,61.72988892,65.22776031,..,..
Current health expenditure per capita (current US$),SH.XPD.CHEX.PC.CD,"Congo, Dem. Rep.",COD,..,18.6212616,12.46153259,14.01603508,16.326828,19.37128258,19.87244987,20.58203506,19.41761589,18.51088905,..,..
Current health expenditure per capita (current US$),SH.XPD.CHEX.PC.CD,"Congo, Rep.",COG,..,17.44025993,62.34162521,74.91969299,75.47943115,74.514328,60.12829971,54.10359192,51.26589584,47.5177536,..,..
Current health expenditure per capita (current US$),SH.XPD.CHEX.PC.CD,Costa Rica,CRI,..,248.75341797,749.6449585,784.48297119,825.39324951,831.3001709,883.91546631,878.88891602,861.32006836,909.6730957,..,..
Current health expenditure per capita (current US$),SH.XPD.CHEX.PC.CD,Cote d'Ivoire,CIV,..,36.47083664,74.19325256,76.09120941,72.7405014,80.42262268,63.07769775,67.21105194,69.34188843,71.88140869,..,..
Current health expenditure per capita (current US$),SH.XPD.CHEX.PC.CD,Croatia,HRV,..,371.06213379,1132.49890137,1029.97119141,889.94451904,909.37164307,795.52081299,840.9050293,902.62524414,1014.22235107,..,..
Current health expenditure per capita (current US$),SH.XPD.CHEX.PC.CD,Cuba,CUB,..,180.81121826,699.83428955,604.21234131,713.24133301,866.07562256,986.73400879,984.84844971,1000.28955078,986.93731689,..,..
Current health expenditure per capita (current US$),SH.XPD.CHEX.PC.CD,Curacao,CUW,..,..,..,..,..,..,..,..,..,..,..,..
Current health expenditure per capita (current US$),SH.XPD.CHEX.PC.CD,Cyprus,CYP,..,750.51672363,2114.66894531,1899.37255859,1916.32263184,1873.89135742,1616.54943848,1681.90368652,1780.34790039,1954.40686035,..,..
Current health expenditure per capita (current US$),SH.XPD.CHEX.PC.CD,Czech Republic,CZE,..,342.92105103,1516.55541992,1387.40600586,1554.5090332,1512.92614746,1284.04675293,1321.62023926,1475.91516113,1765.58837891,..,..
Current health expenditure per capita (current US$),SH.XPD.CHEX.PC.CD,Denmark,DNK,..,2496.04711914,6281.00439453,6003.83056641,6236.55419922,6380.78466797,5469.33496094,5565.59326172,5800.15283203,6216.76855469,..,..
Current health expenditure per capita (current US$),SH.XPD.CHEX.PC.CD,Djibouti,DJI,..,31.95798492,68.77837372,72.22033691,67.53491211,73.12316895,82.28987885,76.86833954,72.2347641,70.86093903,..,..
Current health expenditure per capita (current US$),SH.XPD.CHEX.PC.CD,Dominica,DMA,..,254.78555298,376.95007324,396.81378174,375.10510254,385.15658569,393.93655396,415.88751221,398.70941162,490.81829834,..,..
Current health expenditure per capita (current US$),SH.XPD.CHEX.PC.CD,Dominican Republic,DOM,..,140.13885498,335.00128174,359.60818481,359.57055664,380.07550049,400.38494873,424.3001709,443.67068481,461.54251099,..,..
Current health expenditure per capita (current US$),SH.XPD.CHEX.PC.CD,Ecuador,ECU,..,47.89228439,409.03677368,481.82189941,518.41375732,549.784729,525.99731445,502.74447632,513.07617188,516.24798584,..,..
Current health expenditure per capita (current US$),SH.XPD.CHEX.PC.CD,"Egypt, Arab Rep.",EGY,..,73.65684509,125.25486755,150.71841431,150.61959839,167.24708557,183.43261719,153.48695374,113.97537994,125.54537201,..,..
Current health expenditure per capita (current US$),SH.XPD.CHEX.PC.CD,El Salvador,SLV,..,178.63192749,265.99981689,258.47689819,270.87976074,275.68740845,282.74533081,293.25802612,282.03674316,288.51745605,..,..
Current health expenditure per capita (current US$),SH.XPD.CHEX.PC.CD,Equatorial Guinea,GNQ,..,40.92737579,335.78268433,274.35205078,382.35394287,424.73120117,328.8190918,290.68115234,293.13339233,314.29876709,..,..
Current health expenditure per capita (current US$),SH.XPD.CHEX.PC.CD,Eritrea,ERI,..,13.75257683,33.50611496,26.19568443,29.78876877,31.86192322,26.75016403,22.77753258,21.17291069,23.78602791,..,..
Current health expenditure per capita (current US$),SH.XPD.CHEX.PC.CD,Estonia,EST,..,209.71313477,1015.96826172,1013.31420898,1144.64685059,1238.92700195,1112.9140625,1186.1027832,1350.38061523,1552.96875,..,..
Current health expenditure per capita (current US$),SH.XPD.CHEX.PC.CD,Eswatini,SWZ,..,79.68417358,380.85736084,354.07363892,315.44937134,293.08114624,259.51907349,233.63514709,273.17822266,271.14007568,..,..
Current health expenditure per capita (current US$),SH.XPD.CHEX.PC.CD,Ethiopia,ETH,..,5.38449526,15.11116791,20.66479111,19.88365173,22.27192688,23.91623878,25.07559586,24.92481232,24.22611809,..,..
Current health expenditure per capita (current US$),SH.XPD.CHEX.PC.CD,Faroe Islands,FRO,..,..,..,..,..,..,..,..,..,..,..,..
Current health expenditure per capita (current US$),SH.XPD.CHEX.PC.CD,Fiji,FJI,..,77.02472687,148.83114624,162.41473389,167.81893921,188.83387756,179.22154236,185.34791565,194.43591309,214.55378723,..,..
Current health expenditure per capita (current US$),SH.XPD.CHEX.PC.CD,Finland,FIN,..,1722.8326416,4715.93505859,4572.5234375,4892.09716797,4922.67578125,4127.14990234,4107.06298828,4233.46826172,4515.67724609,..,..
Current health expenditure per capita (current US$),SH.XPD.CHEX.PC.CD,France,FRA,..,2161.85302734,4939.31054688,4651.10839844,4901.93310547,4998.66845703,4208.38623047,4268.17431641,4424.5078125,4690.07226563,..,..
Current health expenditure per capita (current US$),SH.XPD.CHEX.PC.CD,French Polynesia,PYF,..,..,..,..,..,..,..,..,..,..,..,..
Current health expenditure per capita (current US$),SH.XPD.CHEX.PC.CD,Gabon,GAB,..,127.64353943,276.11819458,237.59547424,275.01934814,244.43147278,196.16505432,216.90785217,200.56188965,218.36860657,..,..
Current health expenditure per capita (current US$),SH.XPD.CHEX.PC.CD,"Gambia, The",GMB,..,50.86863708,33.1423111,31.41952705,27.41661644,22.47270203,20.98540878,21.80244827,22.71026421,22.15542793,..,..
Current health expenditure per capita (current US$),SH.XPD.CHEX.PC.CD,Georgia,GEO,..,51.85281754,296.68869019,326.47607422,334.6890564,345.25598145,275.84082031,301.54577637,285.98770142,312.74691772,..,..
Current health expenditure per capita (current US$),SH.XPD.CHEX.PC.CD,Germany,DEU,..,2344.35473633,5036.48486328,4762.84765625,5096.82080078,5304.31884766,4622.20654297,4742.03417969,5052.67333984,5472.20214844,..,..
Current health expenditure per capita (current US$),SH.XPD.CHEX.PC.CD,Ghana,GHA,..,17.85551643,100.25246429,91.01084137,109.94523621,80.73294067,81.61917114,66.85653687,67.45523071,77.91143036,..,..
Current health expenditure per capita (current US$),SH.XPD.CHEX.PC.CD,Gibraltar,GIB,..,..,..,..,..,..,..,..,..,..,..,..
Current health expenditure per capita (current US$),SH.XPD.CHEX.PC.CD,Greece,GRC,..,885.41040039,2338.91577148,1948.24816895,1813.8782959,1705.11437988,1452.07446289,1488.1986084,1505.94140625,1566.89990234,..,..
Current health expenditure per capita (current US$),SH.XPD.CHEX.PC.CD,Greenland,GRL,..,..,..,..,..,..,..,..,..,..,..,..
Current health expenditure per capita (current US$),SH.XPD.CHEX.PC.CD,Grenada,GRD,..,270.98391724,423.11541748,433.50952148,438.27972412,399.53253174,422.72177124,427.51272583,466.74960327,474.5328064,..,..
Current health expenditure per capita (current US$),SH.XPD.CHEX.PC.CD,Guam,GUM,..,..,..,..,..,..,..,..,..,..,..,..
Current health expenditure per capita (current US$),SH.XPD.CHEX.PC.CD,Guatemala,GTM,..,83.95554352,189.24290466,198.46655273,196.1355896,213.94274902,229.80619812,241.78253174,259.9125061,259.62017822,..,..
Current health expenditure per capita (current US$),SH.XPD.CHEX.PC.CD,Guinea,GIN,..,23.25868988,24.67529106,24.29986,26.61382103,37.69287872,44.68756485,39.55763626,36.50824356,38.31764221,..,..
Current health expenditure per capita (current US$),SH.XPD.CHEX.PC.CD,Guinea-Bissau,GNB,..,20.70239449,43.17166519,35.52560806,43.96840286,59.30418015,51.83914566,50.6244812,50.57252884,53.29457474,..,..
Current health expenditure per capita (current US$),SH.XPD.CHEX.PC.CD,Guyana,GUY,..,63.1490097,190.93255615,195.220047,206.01229858,214.19898987,223.67767334,233.52494812,263.25814819,295.55789185,..,..
Current health expenditure per capita (current US$),SH.XPD.CHEX.PC.CD,Haiti,HTI,..,29.78231049,75.70629883,73.7585144,58.3646965,64.02371216,67.40187836,59.13440323,62.72842407,64.24588013,..,..
Current health expenditure per capita (current US$),SH.XPD.CHEX.PC.CD,Honduras,HND,..,68.51774597,183.60168457,185.62591553,178.24165344,174.59979248,172.29205322,180.16775513,171.51489258,176.24726868,..,..
Current health expenditure per capita (current US$),SH.XPD.CHEX.PC.CD,"Hong Kong SAR, China",HKG,..,..,..,..,..,..,..,..,..,..,..,..
Current health expenditure per capita (current US$),SH.XPD.CHEX.PC.CD,Hungary,HUN,..,313.10858154,1063.43225098,961.1383667,990.63116455,1006.15649414,870.51922607,914.19354248,981.03887939,1081.80285645,..,..
Current health expenditure per capita (current US$),SH.XPD.CHEX.PC.CD,Iceland,ISL,..,2873.84814453,3866.70727539,3705.37524414,4028.83154297,4474.37402344,4281.57568359,5067.69091797,6109.91210938,6530.93212891,..,..
Current health expenditure per capita (current US$),SH.XPD.CHEX.PC.CD,India,IND,..,18.50239372,48.60390472,48.94621658,56.11839676,57.07431793,58.91690063,60.60255051,69.32007599,72.83453369,..,..
Current health expenditure per capita (current US$),SH.XPD.CHEX.PC.CD,Indonesia,IDN,..,16.20165443,107.66735077,107.24232483,107.29182434,108.83856201,99.65550232,109.93779755,110.04980469,111.67790985,..,..
Current health expenditure per capita (current US$),SH.XPD.CHEX.PC.CD,"Iran, Islamic Rep.",IRN,..,80.85904694,530.71380615,525.58483887,418.88528442,387.37609863,379.27563477,458.25817871,478.36148071,484.28659058,..,..
Current health expenditure per capita (current US$),SH.XPD.CHEX.PC.CD,Iraq,IRQ,..,..,168.74902344,183.91607666,199.51622009,190.69332886,156.8372345,154.18597412,214.3563385,239.41305542,..,..
Current health expenditure per capita (current US$),SH.XPD.CHEX.PC.CD,Ireland,IRL,..,1564.83740234,5570.70556641,5239.33789063,5331.60058594,5399.59863281,4561.73779297,4717.56835938,5019.70117188,5489.07080078,..,..
Current health expenditure per capita (current US$),SH.XPD.CHEX.PC.CD,Isle of Man,IMN,..,..,..,..,..,..,..,..,..,..,..,..
Current health expenditure per capita (current US$),SH.XPD.CHEX.PC.CD,Israel,ISR,..,1513.94470215,2437.04614258,2402.91577148,2678.36181641,2819.57177734,2670.46679688,2813.3359375,3212.79150391,3323.65063477,..,..
Current health expenditure per capita (current US$),SH.XPD.CHEX.PC.CD,Italy,ITA,..,1524.23962402,3392.01269531,3086.30322266,3149.24267578,3154.27587891,2675.67163086,2699.73291016,2809.72143555,2988.99584961,..,..
Current health expenditure per capita (current US$),SH.XPD.CHEX.PC.CD,Jamaica,JAM,..,191.47247314,267.73898315,254.50778198,247.21296692,249.72155762,276.05673218,276.45974731,311.87005615,320.97631836,..,..
Current health expenditure per capita (current US$),SH.XPD.CHEX.PC.CD,Japan,JPN,..,2740.67480469,5087.35644531,5212.18359375,4336.10693359,4099.28027344,3733.37646484,4174.42236328,4121.03662109,4266.58691406,..,..
Current health expenditure per capita (current US$),SH.XPD.CHEX.PC.CD,Jordan,JOR,..,159.14764404,313.93478394,305.71707153,289.82498169,297.8348999,310.6847229,298.80722046,337.75540161,330.14187622,..,..
Current health expenditure per capita (current US$),SH.XPD.CHEX.PC.CD,Kazakhstan,KAZ,..,50.99633026,303.98086548,377.12728882,370.09402466,380.66009521,319.04992676,263.48373413,281.61776733,275.85461426,..,..
Current health expenditure per capita (current US$),SH.XPD.CHEX.PC.CD,Kenya,KEN,..,20.51720238,56.46788025,63.82013702,66.80593872,71.83386993,69.77667999,72.51428223,75.85467529,88.38527679,..,..
Current health expenditure per capita (current US$),SH.XPD.CHEX.PC.CD,Kiribati,KIR,..,68.88991547,148.80270386,154.00323486,162.52476501,162.96076965,123.3463974,147.77731323,175.06552124,196.84797668,..,..
Current health expenditure per capita (current US$),SH.XPD.CHEX.PC.CD,"Korea, Dem. People’s Rep.",PRK,..,..,..,..,..,..,..,..,..,..,..,..
Current health expenditure per capita (current US$),SH.XPD.CHEX.PC.CD,"Korea, Rep.",KOR,..,473.98675537,1512.45251465,1566.12280273,1701.15441895,1898.92089844,1918.68969727,2034.43676758,2258.66821289,2542.81811523,..,..
Current health expenditure per capita (current US$),SH.XPD.CHEX.PC.CD,Kosovo,XKX,..,..,..,..,..,..,..,..,..,..,..,..
Current health expenditure per capita (current US$),SH.XPD.CHEX.PC.CD,Kuwait,KWT,..,463.85983276,1272.99243164,1337.65258789,1276.94506836,1409.09362793,1199.36352539,1114.57995605,1560.54174805,1711.22338867,..,..
Current health expenditure per capita (current US$),SH.XPD.CHEX.PC.CD,Kyrgyz Republic,KGZ,..,12.29036808,79.82953644,99.98524475,104.78458405,94.01564789,80.11972809,71.92367554,76.98123169,85.73608398,..,..
Current health expenditure per capita (current US$),SH.XPD.CHEX.PC.CD,Lao PDR,LAO,..,14.38795185,27.45368385,32.83571243,43.81321716,45.93084335,52.37848282,54.50793457,61.20571136,57.11195755,..,..
Current health expenditure per capita (current US$),SH.XPD.CHEX.PC.CD,Latvia,LVA,..,181.57072449,764.59173584,745.51745605,807.13000488,856.76654053,775.86431885,874.79772949,932.50158691,1101.49255371,..,..
Current health expenditure per capita (current US$),SH.XPD.CHEX.PC.CD,Lebanon,LBN,..,479.60198975,627.64208984,633.50970459,600.77301025,605.24328613,587.45690918,609.06103516,661.42797852,686.46777344,..,..
Current health expenditure per capita (current US$),SH.XPD.CHEX.PC.CD,Lesotho,LSO,..,26.23996544,125.03486633,117.13769531,116.80801392,113.72309875,103.63265228,89.38617706,111.64142609,124.78967285,..,..
Current health expenditure per capita (current US$),SH.XPD.CHEX.PC.CD,Liberia,LBR,..,12.50086308,55.07883072,56.53076553,59.07529831,65.21392822,73.39692688,69.9858551,56.9612236,45.42477798,..,..
Current health expenditure per capita (current US$),SH.XPD.CHEX.PC.CD,Libya,LBY,..,244.67500305,309.87866211,..,..,..,..,..,..,..,..,..
Current health expenditure per capita (current US$),SH.XPD.CHEX.PC.CD,Liechtenstein,LIE,..,..,..,..,..,..,..,..,..,..,..,..
Current health expenditure per capita (current US$),SH.XPD.CHEX.PC.CD,Lithuania,LTU,..,217.1761322,925.47161865,896.93707275,958.92718506,1021.23297119,920.19976807,988.5279541,1083.30334473,1249.25463867,..,..
Current health expenditure per capita (current US$),SH.XPD.CHEX.PC.CD,Luxembourg,LUX,..,2901.19995117,7174.73925781,6029.47509766,6356.64453125,6547.03466797,5421.93212891,5475.13964844,5713.11865234,6227.08398438,..,..
Current health expenditure per capita (current US$),SH.XPD.CHEX.PC.CD,"Macao SAR, China",MAC,..,..,..,..,..,..,..,..,..,..,..,..
Current health expenditure per capita (current US$),SH.XPD.CHEX.PC.CD,Madagascar,MDG,..,12.86519241,23.59220695,19.57540894,19.53066635,22.99704552,22.90582275,24.48439217,24.68006706,22.0497551,..,..
Current health expenditure per capita (current US$),SH.XPD.CHEX.PC.CD,Malawi,MWI,..,9.09148884,40.08781815,33.20030212,40.3452301,36.05779648,35.68380356,30.94216537,33.99734879,35.49821854,..,..
Current health expenditure per capita (current US$),SH.XPD.CHEX.PC.CD,Malaysia,MYS,..,111.33849335,352.26922607,382.66152954,391.89956665,427.66070557,379.90048218,362.11486816,380.68572998,427.21704102,..,..
Current health expenditure per capita (current US$),SH.XPD.CHEX.PC.CD,Maldives,MDV,..,221.92073059,577.66296387,630.14251709,645.06054688,672.11962891,785.03161621,946.81115723,885.08428955,973.53692627,..,..
Current health expenditure per capita (current US$),SH.XPD.CHEX.PC.CD,Mali,MLI,..,14.75309944,33.59200668,29.21658516,31.9307003,37.96685791,30.8840313,29.44280052,34.00102997,34.95166016,..,..
Current health expenditure per capita (current US$),SH.XPD.CHEX.PC.CD,Malta,MLT,..,647.10150146,1960.06115723,1898.60144043,2121.08227539,2456.43481445,2243.46704102,2321.15332031,2551.71606445,2753.51098633,..,..
Current health expenditure per capita (current US$),SH.XPD.CHEX.PC.CD,Marshall Islands,MHL,..,430.9180603,453.5579834,471.8939209,492.96929932,476.25930786,546.98797607,605.28155518,587.55316162,643.06591797,..,..
Current health expenditure per capita (current US$),SH.XPD.CHEX.PC.CD,Mauritania,MRT,..,22.87253761,46.50239563,48.08863068,54.26546097,58.04791641,55.98908615,47.35323715,51.61418533,54.48972321,..,..
Current health expenditure per capita (current US$),SH.XPD.CHEX.PC.CD,Mauritius,MUS,..,118.97707367,396.6121521,398.12188721,452.45565796,559.44458008,529.16137695,553.21362305,599.44421387,653.347229,..,..
Current health expenditure per capita (current US$),SH.XPD.CHEX.PC.CD,Mexico,MEX,..,318.46151733,581.71026611,598.34881592,637.15966797,614.97424316,556.86657715,490.79937744,512.06567383,519.60546875,..,..
Current health expenditure per capita (current US$),SH.XPD.CHEX.PC.CD,"Micronesia, Fed. Sts.",FSM,..,168.45785522,393.68103027,384.1512146,363.26303101,348.32009888,361.47207642,395.79208374,401.20025635,415.81680298,..,..
Current health expenditure per capita (current US$),SH.XPD.CHEX.PC.CD,Moldova,MDA,..,21.37988472,214.98246765,223.61895752,231.66229248,230.76982117,186.43643188,171.18476868,191.19487,212.97038269,..,..
Current health expenditure per capita (current US$),SH.XPD.CHEX.PC.CD,Monaco,MCO,..,1408.09423828,3677.42016602,3519.94067383,3817.89868164,3947.42358398,3365.92724609,2765.08447266,2751.73144531,2968.50048828,..,..
Current health expenditure per capita (current US$),SH.XPD.CHEX.PC.CD,Mongolia,MNG,..,27.00856018,134.75062561,167.76242065,177.58248901,174.24235535,166.08277893,161.90859985,146.96208191,155.09367371,..,..
Current health expenditure per capita (current US$),SH.XPD.CHEX.PC.CD,Montenegro,MNE,..,..,..,..,..,..,..,..,..,731.48168945,..,..
Current health expenditure per capita (current US$),SH.XPD.CHEX.PC.CD,Morocco,MAR,..,53.68618393,177.28041077,169.95767212,180.20198059,170.74113464,148.03874207,154.1124115,161.45051575,174.78184509,..,..
Current health expenditure per capita (current US$),SH.XPD.CHEX.PC.CD,Mozambique,MOZ,..,7.10689354,29.33419418,34.50271606,40.73832703,42.45389938,39.61871719,30.72076035,35.9498558,40.26391602,..,..
Current health expenditure per capita (current US$),SH.XPD.CHEX.PC.CD,Myanmar,MMR,..,4.33537483,26.56099129,36.11348343,36.53030014,52.62075806,61.70107269,57.93581772,57.859272,59.20605469,..,..
Current health expenditure per capita (current US$),SH.XPD.CHEX.PC.CD,Namibia,NAM,..,213.26727295,562.59106445,550.49810791,488.86352539,459.94418335,488.69061279,423.87445068,468.04055786,471.48568726,..,..
Current health expenditure per capita (current US$),SH.XPD.CHEX.PC.CD,Nauru,NRU,..,456.17263794,697.89941406,886.1394043,838.43560791,1007.96936035,1143.24658203,1369.53967285,1217.5111084,965.80072021,..,..
Current health expenditure per capita (current US$),SH.XPD.CHEX.PC.CD,Nepal,NPL,..,8.55345249,34.68226624,34.3300705,36.02222443,43.16950226,47.8875351,48.31941986,50.8261261,57.84656143,..,..
Current health expenditure per capita (current US$),SH.XPD.CHEX.PC.CD,Netherlands,NLD,..,2028.18139648,5562.12109375,5284.64990234,5532.7265625,5601.88574219,4676.57666016,4734.83349609,4910.89941406,5306.53466797,..,..
Current health expenditure per capita (current US$),SH.XPD.CHEX.PC.CD,New Caledonia,NCL,..,..,..,..,..,..,..,..,..,..,..,..
Current health expenditure per capita (current US$),SH.XPD.CHEX.PC.CD,New Zealand,NZL,..,1053.89160156,3625.77246094,3805.97167969,3954.66699219,4143.78808594,3582.27294922,3746.47680664,3940.39038086,4037.46289063,..,..
Current health expenditure per capita (current US$),SH.XPD.CHEX.PC.CD,Nicaragua,NIC,..,52.80468369,123.3549881,131.83006287,138.38568115,154.28338623,163.22993469,169.6340332,180.3273468,173.76611328,..,..
Current health expenditure per capita (current US$),SH.XPD.CHEX.PC.CD,Niger,NER,..,10.58441544,24.89789391,22.76922607,24.62716293,25.02994919,25.87792969,22.55697441,28.80011749,30.35857964,..,..
Current health expenditure per capita (current US$),SH.XPD.CHEX.PC.CD,Nigeria,NGA,..,17.73399734,84.46413422,92.61115265,102.55484009,107.90875244,97.80262756,79.37476349,73.93003845,83.75351715,..,..
Current health expenditure per capita (current US$),SH.XPD.CHEX.PC.CD,North Macedonia,MKD,..,164.47364807,329.95043945,310.7749939,350.2098999,343.87866211,306.9151001,327.49136353,358.30688477,399.09707642,..,..
Current health expenditure per capita (current US$),SH.XPD.CHEX.PC.CD,Northern Mariana Islands,MNP,..,..,..,..,..,..,..,..,..,..,..,..
Current health expenditure per capita (current US$),SH.XPD.CHEX.PC.CD,Norway,NOR,..,2948.93164063,8900.37207031,8970.12011719,9241.265625,9118.31738281,7565.54980469,7496.76855469,7815.78662109,8239.09570313,..,..
Current health expenditure per capita (current US$),SH.XPD.CHEX.PC.CD,Oman,OMN,..,263.51751709,533.03204346,559.01855469,584.1394043,710.04162598,695.19116211,637.19128418,601.21783447,678.23101807,..,..
Current health expenditure per capita (current US$),SH.XPD.CHEX.PC.CD,Pakistan,PAK,..,15.58189678,27.06708717,27.04106331,29.97559357,34.69661713,35.98087311,38.91104126,42.25715637,42.87313461,..,..
Current health expenditure per capita (current US$),SH.XPD.CHEX.PC.CD,Palau,PLW,..,678.14367676,1176.57580566,1392.04858398,1535.4510498,1678.01208496,1805.98583984,2031.47277832,1947.85327148,1723.45532227,..,..
Current health expenditure per capita (current US$),SH.XPD.CHEX.PC.CD,Panama,PAN,..,285.20233154,616.99951172,703.82843018,790.77667236,885.66424561,928.09674072,1050.24365234,1046.33679199,1131.66015625,..,..
Current health expenditure per capita (current US$),SH.XPD.CHEX.PC.CD,Papua New Guinea,PNG,..,17.84069252,55.21439743,74.42443085,81.8216095,95.54537964,48.73184967,58.48953247,60.09675598,63.7678833,..,..
Current health expenditure per capita (current US$),SH.XPD.CHEX.PC.CD,Paraguay,PRY,..,91.54776764,268.8555603,339.38284302,361.29684448,405.62231445,364.78915405,357.74761963,378.01821899,400.39273071,..,..
Current health expenditure per capita (current US$),SH.XPD.CHEX.PC.CD,Peru,PER,..,87.61366272,269.99850464,310.91369629,319.2024231,335.77770996,315.95455933,318.45950317,340.19854736,369.07846069,..,..
Current health expenditure per capita (current US$),SH.XPD.CHEX.PC.CD,Philippines,PHL,..,32.77544785,98.64657593,112.54360962,122.72746277,116.86023712,123.90010071,129.6149292,132.57896423,136.53881836,..,..
Current health expenditure per capita (current US$),SH.XPD.CHEX.PC.CD,Poland,POL,..,238.00448608,866.09466553,815.1418457,878.08850098,911.29815674,803.95965576,813.47277832,909.57818604,978.73565674,..,..
Current health expenditure per capita (current US$),SH.XPD.CHEX.PC.CD,Portugal,PRT,..,969.55218506,2210.58740234,1918.49072266,1959.98156738,1989.54211426,1725.22290039,1880.15686035,2003.26330566,2215.17358398,..,..
Current health expenditure per capita (current US$),SH.XPD.CHEX.PC.CD,Puerto Rico,PRI,..,..,..,..,..,..,..,..,..,..,..,..
Current health expenditure per capita (current US$),SH.XPD.CHEX.PC.CD,Qatar,QAT,..,602.11584473,1318.52197266,1487.32019043,1765.82836914,2041.58947754,1999.58276367,1822.36999512,1667.37255859,1716.26513672,..,..
Current health expenditure per capita (current US$),SH.XPD.CHEX.PC.CD,Romania,ROU,..,69.89345551,426.59973145,401.67105103,495.23623657,503.34753418,442.24038696,476.24505615,555.11309814,687.25439453,..,..
Current health expenditure per capita (current US$),SH.XPD.CHEX.PC.CD,Russian Federation,RUS,..,95.4120636,682.6605835,757.04455566,807.07653809,737.64923096,498.05596924,464.89776611,579.67218018,609.00915527,..,..
Current health expenditure per capita (current US$),SH.XPD.CHEX.PC.CD,Rwanda,RWA,..,9.322052,53.06285095,58.85438538,49.14559174,51.86009598,49.96376419,51.88179779,52.86735153,58.30852127,..,..
Current health expenditure per capita (current US$),SH.XPD.CHEX.PC.CD,Samoa,WSM,..,63.03668213,220.39118958,205.15324402,257.50198364,259.27441406,223.18096924,227.0677948,235.40707397,227.32792664,..,..
Current health expenditure per capita (current US$),SH.XPD.CHEX.PC.CD,San Marino,SMR,..,2151.65087891,4248.47705078,3984.97753906,3993.2644043,3835.26342773,3102.81738281,2958.55493164,3287.47387695,3463.70068359,..,..
Current health expenditure per capita (current US$),SH.XPD.CHEX.PC.CD,Sao Tome and Principe,STP,..,56.68047333,85.38578796,86.81771088,125.17603302,120.006073,85.22420502,109.98060608,117.01068115,125.40039825,..,..
Current health expenditure per capita (current US$),SH.XPD.CHEX.PC.CD,Saudi Arabia,SAU,..,386.25921631,881.39575195,1014.699646,1109.5057373,1278.9765625,1237.33349609,1160.04992676,1456.9395752,1484.59338379,..,..
Current health expenditure per capita (current US$),SH.XPD.CHEX.PC.CD,Senegal,SEN,..,21.67036438,57.52281189,56.23128891,60.18459702,61.3162117,53.41298294,54.07107544,55.10048676,58.90360641,..,..
Current health expenditure per capita (current US$),SH.XPD.CHEX.PC.CD,Serbia,SRB,..,56.50499725,619.08001709,559.81359863,627.53302002,608.85858154,491.25177002,486.42944336,515.84588623,617.08654785,..,..
Current health expenditure per capita (current US$),SH.XPD.CHEX.PC.CD,Seychelles,SYC,..,349.9909668,531.92407227,655.69146729,641.06793213,675.30340576,665.45111084,772.44891357,777.85449219,833.07897949,..,..
Current health expenditure per capita (current US$),SH.XPD.CHEX.PC.CD,Sierra Leone,SLE,..,23.31109047,59.54336929,59.9777298,82.92147827,140.99243164,120.91239929,87.10140228,82.54949188,85.77548218,..,..
Current health expenditure per capita (current US$),SH.XPD.CHEX.PC.CD,Singapore,SGP,..,797.29034424,1676.00183105,1828.89758301,2078.59448242,2206.10742188,2302.59960938,2476.17456055,2619.08081055,2823.63818359,..,..
Current health expenditure per capita (current US$),SH.XPD.CHEX.PC.CD,Sint Maarten (Dutch part),SXM,..,..,..,..,..,..,..,..,..,..,..,..
Current health expenditure per capita (current US$),SH.XPD.CHEX.PC.CD,Slovak Republic,SVK,..,203.50627136,1352.43835449,1319.43835449,1370.46765137,1289.34838867,1108.87817383,1175.5970459,1189.07226563,1299.91137695,..,..
Current health expenditure per capita (current US$),SH.XPD.CHEX.PC.CD,Slovenia,SVN,..,796.64703369,2147.80517578,1974.85400391,2055.38134766,2062.38476563,1775.86083984,1835.40734863,1925.03479004,2169.57910156,..,..
Current health expenditure per capita (current US$),SH.XPD.CHEX.PC.CD,Solomon Islands,SLB,..,48.76208496,115.50505066,106.24951172,106.36219025,114.35965729,99.42734528,99.27577209,97.43276978,94.96378326,..,..
Current health expenditure per capita (current US$),SH.XPD.CHEX.PC.CD,Somalia,SOM,..,..,..,..,..,..,..,..,..,..,..,..
Current health expenditure per capita (current US$),SH.XPD.CHEX.PC.CD,South Africa,ZAF,..,225.53433228,600.34326172,581.56524658,527.2868042,509.7901001,469.98825073,426.83197021,497.04705811,525.95690918,..,..
Current health expenditure per capita (current US$),SH.XPD.CHEX.PC.CD,South Sudan,SSD,..,..,..,..,..,..,..,..,26.38130379,26.78586388,..,..
Current health expenditure per capita (current US$),SH.XPD.CHEX.PC.CD,Spain,ESP,..,1005.28399658,2909.11767578,2591.01611328,2629.60546875,2679.84814453,2349.23388672,2376.72119141,2522.64428711,2736.32324219,..,..
Current health expenditure per capita (current US$),SH.XPD.CHEX.PC.CD,Sri Lanka,LKA,..,43.71691132,118.97396851,113.44898224,137.64352417,137.67100525,149.96318054,151.47502136,158.7149353,157.46585083,..,..
Current health expenditure per capita (current US$),SH.XPD.CHEX.PC.CD,St. Kitts and Nevis,KNA,..,458.55938721,872.8114624,829.82159424,877.50299072,804.45458984,884.84606934,1006.637146,1030.47888184,992.59179688,..,..
Current health expenditure per capita (current US$),SH.XPD.CHEX.PC.CD,St. Lucia,LCA,..,289.28430176,461.78833008,454.57470703,482.43463135,423.33096313,426.8598938,471.27960205,473.31924438,464.70913696,..,..
Current health expenditure per capita (current US$),SH.XPD.CHEX.PC.CD,St. Martin (French part),MAF,..,..,..,..,..,..,..,..,..,..,..,..
Current health expenditure per capita (current US$),SH.XPD.CHEX.PC.CD,St. Vincent and the Grenadines,VCT,..,157.93586731,278.78964233,299.60882568,303.3605957,291.06469727,282.71343994,294.16442871,310.64202881,329.25665283,..,..
Current health expenditure per capita (current US$),SH.XPD.CHEX.PC.CD,Sudan,SDN,..,15.23164654,134.80764771,102.54393768,127.16286469,116.93514252,158.89530945,165.85246277,192.60665894,60.17465973,..,..
Current health expenditure per capita (current US$),SH.XPD.CHEX.PC.CD,Suriname,SUR,..,168.91874695,390.14077759,422.10107422,451.7543335,458.56610107,532.49725342,351.94192505,335.10848999,474.1265564,..,..
Current health expenditure per capita (current US$),SH.XPD.CHEX.PC.CD,Sweden,SWE,..,2173.19384766,6354.29199219,6254.64501953,6696.1171875,6605.98730469,5595.03320313,5674.47753906,5838.21533203,5981.70605469,..,..
Current health expenditure per capita (current US$),SH.XPD.CHEX.PC.CD,Switzerland,CHE,..,3559.81982422,9191.95898438,8917.11914063,9275.79882813,9578.64550781,9382.79101563,9439.42480469,9606.34960938,9870.6640625,..,..
Current health expenditure per capita (current US$),SH.XPD.CHEX.PC.CD,Syrian Arab Republic,SYR,..,54.21872711,80.71446228,69.83010864,..,..,..,..,..,..,..,..
Current health expenditure per capita (current US$),SH.XPD.CHEX.PC.CD,Tajikistan,TJK,..,5.97125244,49.65073395,57.97858429,68.94046021,74.59780884,64.16710663,56.20223236,58.16766357,59.84311676,..,..
Current health expenditure per capita (current US$),SH.XPD.CHEX.PC.CD,Tanzania,TZA,..,12.6108675,38.04220581,42.28381729,43.77843857,40.15260315,33.58756638,37.18800735,35.4696846,36.82281494,..,..
Current health expenditure per capita (current US$),SH.XPD.CHEX.PC.CD,Thailand,THA,..,62.2649498,195.97273254,206.46482849,212.99855042,219.29573059,214.20657349,224.99452209,252.07806396,275.91650391,..,..
Current health expenditure per capita (current US$),SH.XPD.CHEX.PC.CD,Timor-Leste,TLS,..,..,64.26586914,71.61464691,103.2798233,93.70611572,102.22695923,93.38000488,86.74797058,93.69417572,..,..
Current health expenditure per capita (current US$),SH.XPD.CHEX.PC.CD,Togo,TGO,..,10.0020895,35.15558624,35.11561584,39.1137619,40.70421219,35.66401672,39.26917267,37.47055817,41.83677292,..,..
Current health expenditure per capita (current US$),SH.XPD.CHEX.PC.CD,Tonga,TON,..,58.27169418,169.75524902,226.49685669,183.2253418,226.12745667,187.3837738,215.39395142,232.75964355,236.93453979,..,..
Current health expenditure per capita (current US$),SH.XPD.CHEX.PC.CD,Trinidad and Tobago,TTO,..,277.21578979,911.38299561,934.34265137,1013.18231201,1054.44580078,1107.18554688,1106.50854492,1128.59362793,1123.42370605,..,..
Current health expenditure per capita (current US$),SH.XPD.CHEX.PC.CD,Tunisia,TUN,..,111.66085052,274.30752563,274.34341431,289.54177856,293.09716797,270.46969604,258.75515747,252.72486877,251.54672241,..,..
Current health expenditure per capita (current US$),SH.XPD.CHEX.PC.CD,Turkey,TUR,..,199.49937439,531.4185791,524.25030518,551.40124512,525.84472656,453.1164856,466.7947998,442.61761475,389.86557007,..,..
Current health expenditure per capita (current US$),SH.XPD.CHEX.PC.CD,Turkmenistan,TKM,..,76.63774109,276.65042114,318.80361938,376.21679688,437.74581909,405.12609863,423.05987549,456.73553467,460.17514038,..,..
Current health expenditure per capita (current US$),SH.XPD.CHEX.PC.CD,Turks and Caicos Islands,TCA,..,..,..,..,..,..,..,..,..,..,..,..
Current health expenditure per capita (current US$),SH.XPD.CHEX.PC.CD,Tuvalu,TUV,..,359.10177612,567.47424316,532.04663086,628.64202881,567.96411133,531.26647949,547.8984375,633.36108398,692.52111816,..,..
Current health expenditure per capita (current US$),SH.XPD.CHEX.PC.CD,Uganda,UGA,..,19.10987282,56.27164841,55.96831131,52.21765137,52.90937424,43.72704315,42.19992828,41.95800781,43.13787842,..,..
Current health expenditure per capita (current US$),SH.XPD.CHEX.PC.CD,Ukraine,UKR,..,35.13175964,243.78082275,275.2192688,280.97668457,212.7696991,157.57748413,157.53770447,187.3952179,228.39007568,..,..
Current health expenditure per capita (current US$),SH.XPD.CHEX.PC.CD,United Arab Emirates,ARE,..,787.02111816,1438.47216797,1403.52490234,1523.88378906,1588.28234863,1385.53771973,1298.12792969,1650.01855469,1817.34765625,..,..
Current health expenditure per capita (current US$),SH.XPD.CHEX.PC.CD,United Kingdom,GBR,..,2054.18041992,4208.41992188,4282.04882813,4350.25537109,4740.86865234,4472.52148438,4066.09350586,3978.6171875,4315.42773438,..,..
Current health expenditure per capita (current US$),SH.XPD.CHEX.PC.CD,United States,USA,..,4564.45507813,8130.75634766,8399.23925781,8599.52734375,9023.61132813,9491.09082031,9877.87109375,10209.63085938,10623.84960938,..,..
Current health expenditure per capita (current US$),SH.XPD.CHEX.PC.CD,Uruguay,URY,..,687.93054199,1229.37780762,1329.65795898,1497.06884766,1476.20080566,1406.52233887,1450.14489746,1648.87463379,1590.04821777,..,..
Current health expenditure per capita (current US$),SH.XPD.CHEX.PC.CD,Uzbekistan,UZB,..,35.50957489,100.09022522,117.570755,130.42457581,117.65130615,131.83302307,129.17277527,93.00417328,82.26926422,..,..
Current health expenditure per capita (current US$),SH.XPD.CHEX.PC.CD,Vanuatu,VUT,..,48.71302414,114.20265961,117.96515656,129.78491211,106.72694397,116.49732971,82.24130249,85.10228729,105.3915863,..,..
Current health expenditure per capita (current US$),SH.XPD.CHEX.PC.CD,"Venezuela, RB",VEN,..,355.14562988,786.2913208,837.36999512,697.52966309,698.87445068,663.76733398,505.40612793,524.91345215,256.94689941,..,..
Current health expenditure per capita (current US$),SH.XPD.CHEX.PC.CD,Vietnam,VNM,..,18.91674423,89.58512878,108.93997192,119.52192688,117.41460419,117.86289215,124.0594101,140.16532898,151.68611145,..,..
Current health expenditure per capita (current US$),SH.XPD.CHEX.PC.CD,Virgin Islands (U.S.),VIR,..,..,..,..,..,..,..,..,..,..,..,..
Current health expenditure per capita (current US$),SH.XPD.CHEX.PC.CD,West Bank and Gaza,PSE,..,..,..,..,..,..,..,..,..,..,..,..
Current health expenditure per capita (current US$),SH.XPD.CHEX.PC.CD,"Yemen, Rep.",YEM,..,25.82774544,65.56300354,75.14369965,79.7281189,81.05194855,73.17674255,..,..,..,..,..
Current health expenditure per capita (current US$),SH.XPD.CHEX.PC.CD,Zambia,ZMB,..,24.72463989,57.88014603,69.29530334,88.12820435,67.49678802,59.33764267,57.36268997,67.50799561,75.99179077,..,..
Current health expenditure per capita (current US$),SH.XPD.CHEX.PC.CD,Zimbabwe,ZWE,..,..,88.38669586,90.28307343,101.67493439,116.71053314,107.68700409,113.40885925,112.74193573,140.3203125,..,..
Current health expenditure per capita (current US$),SH.XPD.CHEX.PC.CD,Arab World,ARB,..,113.811518608698,283.216092767765,306.166782684661,340.070541011011,367.349266422623,350.125407010675,348.060666539955,391.371034454971,392.551396957434,..,..
Current health expenditure per capita (current US$),SH.XPD.CHEX.PC.CD,Caribbean small states,CSS,..,254.315730784821,506.38582249845,517.859726606786,535.499458697572,545.771013019577,569.963841274863,567.913190964623,610.205642007467,621.245733369024,..,..
Current health expenditure per capita (current US$),SH.XPD.CHEX.PC.CD,Central Europe and the Baltics,CEB,..,221.140526961712,906.674413330631,850.648139047474,914.354088641809,930.562374160849,812.044377097288,844.810436995064,932.984627829925,1054.65445347421,..,..
Current health expenditure per capita (current US$),SH.XPD.CHEX.PC.CD,Early-demographic dividend,EAR,..,66.8989125954366,161.749321222577,169.384906867613,174.459860227027,174.923758792588,172.321858142789,165.778891125119,180.898294937806,176.230481362482,..,..
Current health expenditure per capita (current US$),SH.XPD.CHEX.PC.CD,East Asia & Pacific,EAS,..,239.129083518146,586.635548291348,626.191348727354,603.85551733787,613.061759149044,599.624438333544,632.823574901783,665.336363934794,721.796512553885,..,..
Current health expenditure per capita (current US$),SH.XPD.CHEX.PC.CD,East Asia & Pacific (excluding high income),EAP,..,37.9426591710026,198.70943351997,232.313318537196,263.895908610272,287.335708442141,306.315846292803,311.520648370431,341.789280610472,387.198599774383,..,..
Current health expenditure per capita (current US$),SH.XPD.CHEX.PC.CD,East Asia & Pacific (IDA & IBRD countries),TEA,..,37.951893888499,198.720875344923,232.327117746472,263.91032625463,287.35224760196,306.334193405851,311.542491191817,341.808802233195,387.213812775543,..,..
Current health expenditure per capita (current US$),SH.XPD.CHEX.PC.CD,Euro area,EMU,..,1749.83858958732,4113.71556942997,3836.01762604825,4017.89052929277,4105.87928346261,3521.92601206378,3592.65732252905,3779.11659282165,4063.24878456844,..,..
Current health expenditure per capita (current US$),SH.XPD.CHEX.PC.CD,Europe & Central Asia,ECS,..,941.243357128059,2376.34480272742,2280.90802121838,2384.64746037921,2432.8560062936,2103.16863194483,2097.94345420506,2194.33873145328,2346.6219419159,..,..
Current health expenditure per capita (current US$),SH.XPD.CHEX.PC.CD,Europe & Central Asia (excluding high income),ECA,..,91.8609089345054,468.258583853671,505.145232993266,536.095553832248,498.249697380054,375.503082564083,360.754746674653,402.847000791656,411.596438124996,..,..
Current health expenditure per capita (current US$),SH.XPD.CHEX.PC.CD,Europe & Central Asia (IDA & IBRD countries),TEC,..,106.549952338354,507.207258239943,532.183600113357,566.884351261533,537.465726119715,418.543639218984,408.220270393945,456.276032017044,475.835056636663,..,..
Current health expenditure per capita (current US$),SH.XPD.CHEX.PC.CD,European Union,EUU,..,1431.69817402419,3520.99702878569,3294.77845544699,3461.83192166909,3535.99817433997,3036.96622541037,3102.55053838051,3273.04497138113,3524.71140271311,..,..
Current health expenditure per capita (current US$),SH.XPD.CHEX.PC.CD,Fragile and conflict affected situations,FCS,..,43.4740271397597,104.219388665474,106.728643639241,107.44947996518,110.537652503951,104.827566147584,93.1165246143326,96.6120010860056,81.3789067666574,..,..
Current health expenditure per capita (current US$),SH.XPD.CHEX.PC.CD,Heavily indebted poor countries (HIPC),HPC,..,17.1273783708467,48.0311562657277,47.4599197973737,51.2371649188945,51.6387231489619,51.2995698394518,51.0251788774047,53.2760055025755,46.5274046939116,..,..
Current health expenditure per capita (current US$),SH.XPD.CHEX.PC.CD,High income,HIC,..,2404.2379098343,4896.80729853527,4913.19030803844,4951.30275346141,5097.83597144004,4936.12567603552,5099.69153006169,5291.36843815093,5562.42440700806,..,..
Current health expenditure per capita (current US$),SH.XPD.CHEX.PC.CD,IBRD only,IBD,..,77.4203345259453,270.382575051545,288.339806630263,308.04778468955,315.178422975932,299.440060352261,295.589373221051,328.784597903516,343.894649298415,..,..
Current health expenditure per capita (current US$),SH.XPD.CHEX.PC.CD,IDA & IBRD total,IBT,..,64.8674658304379,218.296694190945,231.90748498969,247.990007290651,253.412920754341,240.625107882847,237.377079739189,261.619015452035,272.09840632419,..,..
Current health expenditure per capita (current US$),SH.XPD.CHEX.PC.CD,IDA blend,IDB,..,19.3070420642067,58.9740307378726,64.0889941872413,70.3739497782039,74.6577874462653,70.638042317406,65.6753691336417,63.1174140543016,68.4185017915828,..,..
Current health expenditure per capita (current US$),SH.XPD.CHEX.PC.CD,IDA only,IDX,..,15.0174453551605,43.3867749526539,43.7316218997888,46.6282116702505,48.3104296190915,49.0571553425824,48.2124587534318,50.3670615165383,46.4323904057029,..,..
Current health expenditure per capita (current US$),SH.XPD.CHEX.PC.CD,IDA total,IDA,..,16.467302707735,48.6919996342048,50.6681107789349,54.8401963272261,57.4228999098201,56.5210391940319,54.3614483031071,54.8237584362079,54.115919158875,..,..
Current health expenditure per capita (current US$),SH.XPD.CHEX.PC.CD,Late-demographic dividend,LTE,..,88.0136316191491,385.469982162411,414.048066305768,453.942048722582,475.732808530379,446.187658572825,449.315724610827,505.890633038805,548.539033196965,..,..
Current health expenditure per capita (current US$),SH.XPD.CHEX.PC.CD,Latin America & Caribbean,LCN,..,285.236695552028,730.294144542044,733.254009188171,756.697405391574,760.855756386583,678.805576459912,638.785563548314,727.234391948526,666.933838699272,..,..
Current health expenditure per capita (current US$),SH.XPD.CHEX.PC.CD,Latin America & Caribbean (excluding high income),LAC,..,279.638154171144,718.998811802731,718.174740326408,737.913364960829,742.721338307163,657.450767274734,612.995676033018,698.318117220809,632.023499618159,..,..
Current health expenditure per capita (current US$),SH.XPD.CHEX.PC.CD,Latin America & the Caribbean (IDA & IBRD countries),TLA,..,286.927917464979,730.214973860198,734.954994645278,756.767840869093,758.124300163397,672.255511792367,631.45199504525,721.140194258498,660.066139928366,..,..
Current health expenditure per capita (current US$),SH.XPD.CHEX.PC.CD,Least developed countries: UN classification,LDC,..,12.2747363460893,39.4565105259186,40.1068145807366,43.9031949849521,45.9756237066472,46.6194723212022,45.5020924886106,48.3335196580233,42.8217617393618,..,..
Current health expenditure per capita (current US$),SH.XPD.CHEX.PC.CD,Low & middle income,LMY,..,61.9247766611078,210.172710520067,223.967644161057,239.415558382827,245.046796216997,233.409778586617,229.691661432722,252.773711956682,262.197958510607,..,..
Current health expenditure per capita (current US$),SH.XPD.CHEX.PC.CD,Low income,LIC,..,15.4121201084367,41.7105092509243,40.2425761685898,42.3136658571286,44.4458873700727,45.6239593822134,43.6973715534357,46.1267071697368,35.592368527521,..,..
Current health expenditure per capita (current US$),SH.XPD.CHEX.PC.CD,Lower middle income,LMC,..,22.8665979223585,67.3803326660195,72.0352477767168,78.7103909382051,79.4999460914391,78.1002254252138,76.8886990922743,80.9204941748119,85.665009332033,..,..
Current health expenditure per capita (current US$),SH.XPD.CHEX.PC.CD,Middle East & North Africa,MEA,..,147.787400796885,391.247115891008,414.233440511903,431.694810848953,453.688661058726,429.267980756241,452.461321547608,501.535842589963,520.883037958729,..,..
Current health expenditure per capita (current US$),SH.XPD.CHEX.PC.CD,Middle East & North Africa (excluding high income),MNA,..,80.0807062435734,255.588454302297,266.102676691427,255.082721777642,253.90450404034,240.912088700064,262.164512250199,264.571919828718,273.539699800744,..,..
Current health expenditure per capita (current US$),SH.XPD.CHEX.PC.CD,Middle East & North Africa (IDA & IBRD countries),TMN,..,80.0807062435734,255.588454302297,266.102676691427,255.082721777642,253.90450404034,240.912088700064,262.164512250199,264.571919828718,273.539699800745,..,..
Current health expenditure per capita (current US$),SH.XPD.CHEX.PC.CD,Middle income,MIC,..,65.4159977590733,226.114765353683,241.632076975829,257.924106049946,264.210625944419,251.66041323557,247.17371758206,272.936091405352,284.68606609644,..,..
Current health expenditure per capita (current US$),SH.XPD.CHEX.PC.CD,North America,NAC,..,4313.69333170964,7855.25640149646,8106.49442164852,8280.77794928727,8639.54367118274,9002.60050269056,9348.17814579034,9667.43383341827,10050.3817887236,..,..
Current health expenditure per capita (current US$),SH.XPD.CHEX.PC.CD,Not classified,INX,..,..,..,..,..,..,..,..,..,..,..,..
Current health expenditure per capita (current US$),SH.XPD.CHEX.PC.CD,OECD members,OED,..,2163.62746656305,4381.7560897893,4393.19386636598,4424.21992482488,4540.89732433085,4384.504689039,4520.35092195836,4673.45780046525,4899.66703545388,..,..
Current health expenditure per capita (current US$),SH.XPD.CHEX.PC.CD,Other small states,OSS,..,227.981258668577,566.878957770898,574.508423479035,620.342463069744,660.778018136935,624.880469115709,620.740437562974,648.182389966274,681.018844754365,..,..
Current health expenditure per capita (current US$),SH.XPD.CHEX.PC.CD,Pacific island small states,PSS,..,89.239481492266,175.549316274699,182.370381665635,189.064507050358,198.629612423491,189.256901609627,195.6467497742,199.409241038192,207.434013799931,..,..
Current health expenditure per capita (current US$),SH.XPD.CHEX.PC.CD,Post-demographic dividend,PST,..,2485.03212233336,5118.56191707725,5142.06384999502,5177.52713727092,5331.45422506881,5175.30851431146,5356.23253274456,5544.43437518634,5832.2115565059,..,..
Current health expenditure per capita (current US$),SH.XPD.CHEX.PC.CD,Pre-demographic dividend,PRE,..,17.2579993226458,63.0130306674502,64.7031589191589,71.4801861108482,72.9081257072083,67.4485785255536,62.8642152770041,66.4149761385568,63.3194790869112,..,..
Current health expenditure per capita (current US$),SH.XPD.CHEX.PC.CD,Small states,SST,..,224.370815527499,529.98432044945,538.614893410646,576.764989898708,609.77120046135,587.343972488807,584.469347730348,613.423222403576,641.497493017932,..,..
Current health expenditure per capita (current US$),SH.XPD.CHEX.PC.CD,South Asia,SAS,..,17.4912260472791,44.7255020468486,44.9707769723142,51.3531769824327,53.0585788160841,55.1000752604805,56.9323164350055,64.2935409709752,67.1560880826281,..,..
Current health expenditure per capita (current US$),SH.XPD.CHEX.PC.CD,South Asia (IDA & IBRD),TSA,..,17.4912260472791,44.7255020468486,44.9707769723142,51.3531769824327,53.0585788160841,55.1000752604804,56.9323164350055,64.2935409709752,67.1560880826281,..,..
Current health expenditure per capita (current US$),SH.XPD.CHEX.PC.CD,Sub-Saharan Africa,SSF,..,32.2619844358993,91.8185023125818,91.4761404959923,93.2563120226201,92.8535654516598,86.614397090546,79.7399544446313,84.1891898851748,83.2436488568476,..,..
Current health expenditure per capita (current US$),SH.XPD.CHEX.PC.CD,Sub-Saharan Africa (excluding high income),SSA,..,32.0599813518484,91.3352264269514,90.9893954763454,92.7103065913603,92.1736875699877,85.9823395894883,79.0735842941896,83.4948577245323,82.49604343477,..,..
Current health expenditure per capita (current US$),SH.XPD.CHEX.PC.CD,Sub-Saharan Africa (IDA & IBRD countries),TSS,..,32.2619844358993,91.8185023125818,91.4761404959923,93.2563120226201,92.8535654516598,86.614397090546,79.7399544446313,84.1891898851748,83.2436488568476,..,..
Current health expenditure per capita (current US$),SH.XPD.CHEX.PC.CD,Upper middle income,UMC,..,102.897711916469,379.085828953036,406.626850479997,433.487317318491,446.387562037484,424.014365228122,417.419826299159,466.201487142141,486.426389383702,..,..
Current health expenditure per capita (current US$),SH.XPD.CHEX.PC.CD,World,WLD,..,479.830466540592,988.72874939249,998.981635227277,1015.70095926429,1039.81452751141,998.976678471338,1020.70583195685,1064.73264968885,1110.81490487749,..,..
,,,,,,,,,,,,,,,
,,,,,,,,,,,,,,,
,,,,,,,,,,,,,,,
Data from database: World Development Indicators,,,,,,,,,,,,,,,
Last Updated: 12/16/2020,,,,,,,,,,,,,,,
